inventory_id,hospital_id,medicine_name,batch_no,expiry_date,quantity,daily_consumption
1,40,Azithromycin,BATCH2657,2026-09-09,446,4
2,144,Vitamin B-Complex,BATCH3943,2026-06-17,354,8
3,84,Amoxicillin,BATCH9754,2026-04-09,426,2
4,203,Cough Syrup,BATCH3404,2026-05-22,44,8
5,129,Azithromycin,BATCH7740,2026-03-16,597,7
6,50,Amlodipine,BATCH5769,2026-04-26,253,3
7,215,Azithromycin,BATCH3316,2026-02-02,158,3
8,49,Cough Syrup,BATCH1166,2026-10-14,268,7
9,124,Amoxicillin,BATCH8507,2026-05-20,536,3
10,204,Amlodipine,BATCH8088,2026-10-28,203,1
11,220,Insulin,BATCH2191,2026-08-03,515,2
12,97,Paracetamol,BATCH5130,2026-07-25,766,4
13,152,Azithromycin,BATCH1757,2026-07-24,524,10
14,50,Insulin,BATCH1608,2026-03-25,649,5
15,83,Metformin,BATCH9280,2026-05-31,254,9
16,102,Ibuprofen,BATCH4925,2026-02-19,595,2
17,192,Amlodipine,BATCH4318,2026-02-27,790,9
18,187,Amoxicillin,BATCH2171,2026-02-22,493,2
19,155,Azithromycin,BATCH6863,2026-08-14,263,1
20,214,Amlodipine,BATCH6380,2026-07-06,496,3
21,209,Azithromycin,BATCH2516,2026-07-17,665,8
22,137,Insulin,BATCH4121,2026-08-21,158,5
23,154,Vitamin B-Complex,BATCH6904,2026-10-04,512,9
24,63,Insulin,BATCH7159,2026-06-05,218,1
25,195,Vitamin B-Complex,BATCH9512,2026-02-28,696,2
26,179,Ibuprofen,BATCH4218,2026-06-15,724,5
27,179,Ibuprofen,BATCH8160,2026-02-27,395,5
28,19,Paracetamol,BATCH8161,2026-07-25,527,4
29,99,Amoxicillin,BATCH1399,2026-09-27,556,1
30,89,ORS,BATCH9449,2026-06-03,288,4
31,80,Azithromycin,BATCH7981,2026-10-28,76,4
32,190,Paracetamol,BATCH6506,2026-05-01,781,6
33,64,Amoxicillin,BATCH2259,2026-05-30,775,9
34,14,Cough Syrup,BATCH3574,2026-02-19,53,7
35,18,Metformin,BATCH1659,2026-07-24,283,3
36,9,Vitamin B-Complex,BATCH7099,2026-04-05,395,3
37,136,Paracetamol,BATCH1204,2026-06-18,284,6
38,171,Insulin,BATCH9724,2026-04-10,399,6
39,179,Amoxicillin,BATCH8062,2026-06-19,96,9
40,129,Vitamin B-Complex,BATCH2963,2026-09-12,785,2
41,74,Azithromycin,BATCH2436,2026-03-23,480,8
42,174,Amoxicillin,BATCH2611,2026-02-19,199,2
43,172,Amoxicillin,BATCH7387,2026-06-11,270,5
44,13,Amlodipine,BATCH8571,2026-03-21,119,1
45,16,Azithromycin,BATCH3124,2026-10-12,66,7
46,201,ORS,BATCH5761,2026-03-09,515,9
47,97,Amlodipine,BATCH4564,2026-08-03,763,2
48,155,Ibuprofen,BATCH4435,2026-03-07,34,8
49,162,Metformin,BATCH2551,2026-03-16,83,9
50,71,Metformin,BATCH1473,2026-07-01,679,1
51,88,Metformin,BATCH8993,2026-06-19,80,9
52,33,Ibuprofen,BATCH3343,2026-07-21,430,7
53,127,Amoxicillin,BATCH5136,2026-04-26,257,10
54,27,Insulin,BATCH1830,2026-03-19,522,8
55,209,Amlodipine,BATCH2538,2026-06-09,200,7
56,11,Metformin,BATCH8078,2026-05-22,299,3
57,8,Amlodipine,BATCH1400,2026-05-28,682,9
58,105,Vitamin B-Complex,BATCH1920,2026-05-12,313,2
59,209,Paracetamol,BATCH7642,2026-09-23,260,9
60,205,ORS,BATCH7336,2026-07-09,736,8
61,130,Amoxicillin,BATCH1481,2026-02-27,54,4
62,62,Metformin,BATCH2248,2026-07-15,507,2
63,71,Amoxicillin,BATCH7475,2026-10-20,738,10
64,188,Insulin,BATCH9889,2026-05-28,732,8
65,200,ORS,BATCH5438,2026-10-04,253,8
66,162,ORS,BATCH5194,2026-07-24,566,5
67,7,Insulin,BATCH9925,2026-08-12,205,6
68,210,Paracetamol,BATCH3482,2026-03-22,22,5
69,145,Paracetamol,BATCH1940,2026-02-19,355,10
70,21,Insulin,BATCH7486,2026-04-14,126,9
71,32,Insulin,BATCH1276,2026-02-27,525,2
72,15,ORS,BATCH7996,2026-06-30,587,7
73,109,Amlodipine,BATCH7249,2026-09-28,481,2
74,102,Paracetamol,BATCH6992,2026-08-14,303,7
75,114,Amlodipine,BATCH8492,2026-10-14,92,9
76,194,Metformin,BATCH9937,2026-10-04,438,9
77,61,Amoxicillin,BATCH6382,2026-10-29,606,2
78,189,Paracetamol,BATCH5457,2026-07-12,264,6
79,220,Azithromycin,BATCH3962,2026-02-05,190,5
80,158,Amlodipine,BATCH1042,2026-04-23,448,1
81,190,Insulin,BATCH4814,2026-05-21,360,2
82,140,Amoxicillin,BATCH7990,2026-08-25,261,1
83,27,Cough Syrup,BATCH8146,2026-06-05,400,10
84,88,ORS,BATCH1003,2026-07-24,65,5
85,88,Amoxicillin,BATCH9768,2026-09-16,415,7
86,128,ORS,BATCH1618,2026-04-10,605,9
87,110,ORS,BATCH7465,2026-08-29,324,7
88,111,Vitamin B-Complex,BATCH5129,2026-10-21,269,3
89,124,Azithromycin,BATCH2310,2026-04-25,132,1
90,168,Azithromycin,BATCH8812,2026-04-13,11,7
91,110,Azithromycin,BATCH9093,2026-07-05,28,10
92,93,Azithromycin,BATCH7209,2026-05-22,192,7
93,134,Cough Syrup,BATCH2122,2026-04-24,731,4
94,139,ORS,BATCH4878,2026-08-07,444,5
95,2,Metformin,BATCH3725,2026-06-30,634,6
96,3,Amoxicillin,BATCH4448,2026-08-31,230,3
97,46,Amoxicillin,BATCH4168,2026-04-03,465,6
98,160,Vitamin B-Complex,BATCH6407,2026-04-13,764,6
99,185,Metformin,BATCH4017,2026-05-06,540,2
100,69,Cough Syrup,BATCH4191,2026-10-28,569,9
101,166,Cough Syrup,BATCH3005,2026-09-24,614,5
102,40,Azithromycin,BATCH2322,2026-04-20,294,9
103,9,Cough Syrup,BATCH5305,2026-05-22,67,9
104,66,Azithromycin,BATCH3580,2026-04-28,623,3
105,94,Amlodipine,BATCH5234,2026-08-23,428,9
106,90,Amlodipine,BATCH6076,2026-05-12,484,9
107,112,Vitamin B-Complex,BATCH9219,2026-05-11,171,3
108,172,Ibuprofen,BATCH6058,2026-05-16,794,7
109,125,Cough Syrup,BATCH3227,2026-03-23,511,9
110,17,ORS,BATCH1519,2026-09-29,207,10
111,200,Insulin,BATCH4962,2026-05-12,413,8
112,182,Azithromycin,BATCH2850,2026-07-14,285,4
113,20,Cough Syrup,BATCH3698,2026-06-11,138,1
114,128,Cough Syrup,BATCH8892,2026-07-11,589,1
115,107,Insulin,BATCH1351,2026-07-08,52,9
116,90,Azithromycin,BATCH9738,2026-07-19,115,1
117,11,Metformin,BATCH3775,2026-09-14,253,4
118,102,Amoxicillin,BATCH7950,2026-05-04,71,1
119,86,Amoxicillin,BATCH4748,2026-07-08,340,1
120,80,ORS,BATCH2754,2026-08-02,550,8
121,104,Azithromycin,BATCH3176,2026-02-26,572,2
122,209,Metformin,BATCH7113,2026-06-24,300,2
123,196,Ibuprofen,BATCH6667,2026-03-01,645,8
124,63,Metformin,BATCH5935,2026-02-17,543,4
125,42,Azithromycin,BATCH3045,2026-05-16,715,3
126,21,Cough Syrup,BATCH2429,2026-03-26,748,4
127,11,Metformin,BATCH7608,2026-05-10,581,4
128,207,Cough Syrup,BATCH3008,2026-03-28,204,2
129,206,Azithromycin,BATCH1244,2026-09-11,395,6
130,109,Metformin,BATCH9251,2026-08-19,642,3
131,204,ORS,BATCH1945,2026-07-30,170,1
132,75,Insulin,BATCH2390,2026-02-04,354,4
133,2,ORS,BATCH6391,2026-04-27,159,3
134,49,Ibuprofen,BATCH3593,2026-08-12,618,2
135,174,Paracetamol,BATCH3927,2026-09-02,798,4
136,175,Vitamin B-Complex,BATCH8554,2026-05-03,756,2
137,164,Insulin,BATCH4885,2026-10-07,557,7
138,216,Metformin,BATCH8408,2026-09-26,599,7
139,37,Amlodipine,BATCH8194,2026-05-15,88,10
140,86,Ibuprofen,BATCH1858,2026-06-29,32,7
141,62,Insulin,BATCH4547,2026-06-28,709,1
142,151,Vitamin B-Complex,BATCH1553,2026-04-20,675,5
143,210,Ibuprofen,BATCH9602,2026-07-18,623,6
144,129,ORS,BATCH2011,2026-03-15,144,10
145,160,Amoxicillin,BATCH4381,2026-06-12,786,5
146,210,ORS,BATCH3178,2026-02-07,349,10
147,169,Paracetamol,BATCH6178,2026-10-13,758,8
148,128,Amoxicillin,BATCH7105,2026-08-17,572,9
149,175,Ibuprofen,BATCH8515,2026-09-12,694,8
150,202,Ibuprofen,BATCH2974,2026-10-05,656,1
151,134,Amoxicillin,BATCH7598,2026-02-16,32,7
152,132,ORS,BATCH7579,2026-09-10,340,4
153,133,Amoxicillin,BATCH2760,2026-09-23,406,8
154,186,Amlodipine,BATCH1126,2026-03-09,196,3
155,85,Ibuprofen,BATCH9914,2026-08-21,413,2
156,213,Insulin,BATCH4842,2026-10-15,143,2
157,179,Paracetamol,BATCH9736,2026-02-11,437,5
158,151,Insulin,BATCH8735,2026-10-06,414,4
159,162,Amoxicillin,BATCH5996,2026-07-15,123,9
160,58,Insulin,BATCH1702,2026-10-22,481,1
161,128,Amlodipine,BATCH7295,2026-05-03,424,1
162,176,Ibuprofen,BATCH2050,2026-10-29,343,3
163,203,Metformin,BATCH6954,2026-07-14,793,6
164,148,Cough Syrup,BATCH4453,2026-10-11,320,8
165,136,Azithromycin,BATCH7587,2026-06-04,281,7
166,22,Paracetamol,BATCH4533,2026-06-02,347,5
167,12,Insulin,BATCH6261,2026-07-31,481,4
168,180,ORS,BATCH5068,2026-03-03,633,1
169,199,Azithromycin,BATCH7050,2026-10-01,402,10
170,89,Ibuprofen,BATCH4312,2026-07-27,436,10
171,98,Vitamin B-Complex,BATCH1803,2026-06-25,713,5
172,209,Vitamin B-Complex,BATCH3387,2026-07-01,365,4
173,16,Paracetamol,BATCH7010,2026-06-05,62,4
174,111,Amoxicillin,BATCH8735,2026-06-04,449,3
175,147,Amoxicillin,BATCH8623,2026-02-17,347,8
176,156,Amoxicillin,BATCH7376,2026-03-09,613,8
177,134,Amlodipine,BATCH4046,2026-07-16,651,3
178,16,ORS,BATCH2981,2026-10-25,731,3
179,101,ORS,BATCH1320,2026-04-15,711,2
180,189,Azithromycin,BATCH2817,2026-08-01,203,9
181,63,Vitamin B-Complex,BATCH5195,2026-10-15,742,6
182,179,Amlodipine,BATCH2716,2026-06-22,514,10
183,14,Cough Syrup,BATCH7696,2026-06-28,681,7
184,204,Azithromycin,BATCH1290,2026-10-06,573,4
185,34,Cough Syrup,BATCH2668,2026-10-18,645,10
186,138,Ibuprofen,BATCH2325,2026-10-06,388,4
187,33,ORS,BATCH3261,2026-07-30,148,9
188,204,ORS,BATCH4115,2026-10-13,516,9
189,193,Amoxicillin,BATCH9278,2026-04-18,727,1
190,35,ORS,BATCH7661,2026-05-25,624,8
191,22,Azithromycin,BATCH1694,2026-08-27,206,9
192,199,Metformin,BATCH3640,2026-02-01,246,10
193,207,Ibuprofen,BATCH3596,2026-08-11,561,3
194,87,Metformin,BATCH5075,2026-04-26,295,3
195,208,Ibuprofen,BATCH1390,2026-03-02,759,7
196,200,Metformin,BATCH7112,2026-04-19,351,7
197,60,Cough Syrup,BATCH7444,2026-04-28,243,6
198,25,Metformin,BATCH1766,2026-09-15,506,8
199,148,Ibuprofen,BATCH8120,2026-10-13,451,10
200,17,Amlodipine,BATCH1888,2026-02-08,83,3
201,164,ORS,BATCH2145,2026-03-23,473,4
202,2,Vitamin B-Complex,BATCH3657,2026-09-29,703,8
203,214,Amlodipine,BATCH3372,2026-10-14,207,3
204,7,Ibuprofen,BATCH9804,2026-09-04,680,10
205,131,ORS,BATCH2203,2026-05-13,130,5
206,131,Amlodipine,BATCH9770,2026-02-09,479,6
207,92,Azithromycin,BATCH1286,2026-07-11,261,8
208,93,Paracetamol,BATCH4858,2026-10-29,16,9
209,144,Vitamin B-Complex,BATCH8130,2026-05-29,640,6
210,49,ORS,BATCH3531,2026-10-24,459,4
211,77,Vitamin B-Complex,BATCH9862,2026-07-22,261,4
212,51,Paracetamol,BATCH1142,2026-07-02,331,8
213,138,Vitamin B-Complex,BATCH6627,2026-08-17,70,1
214,219,Vitamin B-Complex,BATCH6064,2026-08-31,535,4
215,208,Metformin,BATCH1383,2026-02-10,75,1
216,53,Insulin,BATCH1980,2026-08-17,264,3
217,104,Metformin,BATCH5014,2026-05-13,552,9
218,161,Cough Syrup,BATCH3441,2026-05-22,452,1
219,147,Paracetamol,BATCH8496,2026-10-07,432,10
220,140,Metformin,BATCH8060,2026-10-08,494,8
221,193,ORS,BATCH7782,2026-02-23,390,7
222,55,Vitamin B-Complex,BATCH3733,2026-08-23,744,1
223,104,Cough Syrup,BATCH1782,2026-02-13,628,2
224,35,Amoxicillin,BATCH2151,2026-09-11,454,7
225,70,Cough Syrup,BATCH1252,2026-02-17,690,7
226,112,Paracetamol,BATCH2098,2026-04-06,41,3
227,23,ORS,BATCH1315,2026-09-03,770,8
228,188,Cough Syrup,BATCH5423,2026-07-25,559,3
229,178,Azithromycin,BATCH1313,2026-03-25,407,10
230,207,Cough Syrup,BATCH7347,2026-05-02,632,2
231,128,Vitamin B-Complex,BATCH3360,2026-05-22,509,6
232,91,Amoxicillin,BATCH7630,2026-10-09,749,8
233,41,Ibuprofen,BATCH4423,2026-09-27,31,7
234,207,Amoxicillin,BATCH2516,2026-05-07,652,10
235,39,Amoxicillin,BATCH4954,2026-10-14,630,9
236,101,Amoxicillin,BATCH2991,2026-05-11,93,1
237,131,Amlodipine,BATCH4687,2026-03-12,729,2
238,168,Amoxicillin,BATCH2898,2026-07-31,153,10
239,154,Amlodipine,BATCH3964,2026-02-18,267,5
240,68,Ibuprofen,BATCH9225,2026-10-07,669,1
241,75,Cough Syrup,BATCH7442,2026-07-22,269,3
242,139,ORS,BATCH8453,2026-07-11,243,8
243,170,Amoxicillin,BATCH2421,2026-08-30,570,5
244,85,Azithromycin,BATCH2766,2026-09-14,782,4
245,200,Azithromycin,BATCH3865,2026-05-14,292,10
246,67,Insulin,BATCH7126,2026-02-19,57,6
247,116,ORS,BATCH1481,2026-07-05,379,3
248,147,Ibuprofen,BATCH1832,2026-07-30,638,4
249,57,Paracetamol,BATCH6229,2026-05-06,77,1
250,68,Insulin,BATCH6671,2026-05-23,72,3
251,190,Amlodipine,BATCH3262,2026-09-27,209,9
252,132,ORS,BATCH1871,2026-02-17,68,6
253,119,Paracetamol,BATCH6604,2026-08-11,323,3
254,217,Ibuprofen,BATCH1463,2026-03-22,738,5
255,59,Vitamin B-Complex,BATCH1907,2026-03-29,185,3
256,94,Paracetamol,BATCH7648,2026-09-01,534,2
257,187,Ibuprofen,BATCH8598,2026-07-14,156,1
258,31,Azithromycin,BATCH7651,2026-06-09,319,2
259,177,Cough Syrup,BATCH5143,2026-05-01,157,7
260,53,Cough Syrup,BATCH7455,2026-06-24,757,2
261,51,Paracetamol,BATCH3598,2026-04-19,459,7
262,220,Metformin,BATCH2191,2026-02-09,325,1
263,84,Metformin,BATCH2968,2026-03-01,358,10
264,150,Amoxicillin,BATCH4366,2026-10-19,624,1
265,94,Ibuprofen,BATCH7058,2026-05-03,321,1
266,187,Paracetamol,BATCH5535,2026-03-09,800,5
267,11,ORS,BATCH9779,2026-06-23,557,8
268,107,Cough Syrup,BATCH8623,2026-10-04,691,4
269,204,Vitamin B-Complex,BATCH6117,2026-03-20,338,5
270,97,Azithromycin,BATCH3151,2026-05-04,774,7
271,219,Vitamin B-Complex,BATCH5131,2026-06-04,496,8
272,34,Amlodipine,BATCH7834,2026-07-28,430,9
273,48,Amoxicillin,BATCH6242,2026-10-08,23,6
274,8,Azithromycin,BATCH6096,2026-04-05,709,3
275,89,Amlodipine,BATCH6448,2026-06-02,273,9
276,162,Ibuprofen,BATCH9694,2026-07-31,34,1
277,198,Azithromycin,BATCH3166,2026-05-03,195,2
278,183,Metformin,BATCH8211,2026-07-04,53,10
279,68,Ibuprofen,BATCH3117,2026-04-18,76,8
280,112,Cough Syrup,BATCH5237,2026-08-06,699,6
281,4,Cough Syrup,BATCH4571,2026-05-14,361,3
282,160,Amlodipine,BATCH5270,2026-02-21,254,8
283,127,Amlodipine,BATCH5268,2026-07-12,305,7
284,89,Amoxicillin,BATCH4408,2026-02-14,249,5
285,106,ORS,BATCH7364,2026-02-08,665,7
286,204,ORS,BATCH9355,2026-03-21,61,10
287,11,Vitamin B-Complex,BATCH6633,2026-04-19,160,4
288,158,Vitamin B-Complex,BATCH1665,2026-07-22,259,4
289,65,Vitamin B-Complex,BATCH1252,2026-05-09,706,1
290,133,ORS,BATCH4017,2026-10-18,605,8
291,12,Vitamin B-Complex,BATCH9482,2026-09-26,596,2
292,63,Paracetamol,BATCH1421,2026-03-03,289,4
293,43,Cough Syrup,BATCH2811,2026-04-08,131,10
294,12,ORS,BATCH5480,2026-07-07,381,4
295,36,Cough Syrup,BATCH4253,2026-07-23,130,4
296,191,Cough Syrup,BATCH7142,2026-02-08,680,2
297,132,Insulin,BATCH2275,2026-03-21,42,3
298,82,Metformin,BATCH6787,2026-05-23,50,10
299,122,ORS,BATCH7944,2026-07-29,760,2
300,157,Vitamin B-Complex,BATCH6011,2026-07-21,522,9
301,113,Insulin,BATCH2696,2026-06-22,759,5
302,101,Amlodipine,BATCH1971,2026-02-21,212,2
303,30,Amoxicillin,BATCH6530,2026-09-14,417,2
304,83,Amoxicillin,BATCH3931,2026-04-17,573,10
305,200,Azithromycin,BATCH3910,2026-02-02,694,8
306,90,Insulin,BATCH1206,2026-02-23,295,9
307,102,ORS,BATCH6292,2026-03-07,206,9
308,134,Amoxicillin,BATCH4210,2026-10-11,360,3
309,154,Amlodipine,BATCH4174,2026-07-12,560,8
310,132,ORS,BATCH2828,2026-09-21,758,7
311,27,Vitamin B-Complex,BATCH2128,2026-08-27,730,9
312,149,Metformin,BATCH3819,2026-07-12,657,4
313,67,Azithromycin,BATCH4041,2026-08-24,768,1
314,91,Insulin,BATCH8688,2026-04-27,510,7
315,37,Cough Syrup,BATCH6878,2026-09-19,727,7
316,194,Amlodipine,BATCH1998,2026-05-06,95,9
317,74,Vitamin B-Complex,BATCH5998,2026-04-03,448,3
318,28,Amlodipine,BATCH9729,2026-09-07,641,7
319,197,Amlodipine,BATCH9910,2026-10-15,487,9
320,210,Amoxicillin,BATCH4678,2026-09-02,209,9
321,67,Azithromycin,BATCH9437,2026-03-18,111,10
322,73,Vitamin B-Complex,BATCH3161,2026-02-13,403,8
323,99,Metformin,BATCH5978,2026-10-02,306,3
324,17,Cough Syrup,BATCH4836,2026-08-12,481,9
325,186,Cough Syrup,BATCH8384,2026-09-18,44,3
326,156,Amlodipine,BATCH3836,2026-08-24,471,3
327,131,Metformin,BATCH3755,2026-06-05,414,10
328,32,Amlodipine,BATCH3835,2026-02-21,785,7
329,69,Cough Syrup,BATCH2364,2026-02-01,194,5
330,9,Vitamin B-Complex,BATCH9496,2026-02-08,23,8
331,62,Cough Syrup,BATCH5740,2026-08-14,650,9
332,154,Metformin,BATCH7776,2026-08-22,616,6
333,48,Ibuprofen,BATCH3850,2026-04-16,94,8
334,151,Cough Syrup,BATCH4527,2026-04-02,700,8
335,2,Paracetamol,BATCH2594,2026-05-19,531,5
336,72,Paracetamol,BATCH4349,2026-04-02,511,4
337,31,Cough Syrup,BATCH9524,2026-03-05,171,1
338,165,Amoxicillin,BATCH9919,2026-02-28,401,7
339,5,Cough Syrup,BATCH4756,2026-06-22,159,10
340,188,Insulin,BATCH2060,2026-10-25,711,5
341,116,Azithromycin,BATCH1712,2026-05-15,642,7
342,71,Metformin,BATCH1537,2026-08-24,663,7
343,103,Amoxicillin,BATCH3419,2026-02-12,152,6
344,68,Insulin,BATCH3408,2026-10-26,147,2
345,24,Insulin,BATCH5105,2026-06-26,255,8
346,9,Paracetamol,BATCH8385,2026-04-18,264,9
347,205,Ibuprofen,BATCH7788,2026-06-19,122,5
348,70,Insulin,BATCH7675,2026-07-24,590,7
349,183,Paracetamol,BATCH8217,2026-03-14,473,7
350,208,Azithromycin,BATCH6601,2026-08-01,420,2
351,182,Cough Syrup,BATCH1315,2026-09-14,171,1
352,32,Cough Syrup,BATCH4777,2026-03-07,110,7
353,54,Cough Syrup,BATCH4713,2026-02-22,389,10
354,127,Ibuprofen,BATCH6854,2026-02-22,753,6
355,97,Metformin,BATCH5188,2026-09-25,368,5
356,17,Azithromycin,BATCH6184,2026-05-13,738,6
357,147,Amoxicillin,BATCH8242,2026-02-05,257,1
358,194,Vitamin B-Complex,BATCH5938,2026-02-13,726,8
359,146,Cough Syrup,BATCH3935,2026-05-11,659,4
360,79,Azithromycin,BATCH8813,2026-06-11,398,10
361,128,Amoxicillin,BATCH5279,2026-10-22,18,8
362,94,Amoxicillin,BATCH5093,2026-03-03,758,8
363,126,Metformin,BATCH7359,2026-03-12,134,1
364,33,Azithromycin,BATCH3246,2026-06-08,320,5
365,91,Azithromycin,BATCH6188,2026-09-04,381,1
366,54,Amoxicillin,BATCH8075,2026-02-09,114,7
367,27,Paracetamol,BATCH2421,2026-02-27,25,9
368,90,Paracetamol,BATCH1898,2026-06-23,80,1
369,138,Paracetamol,BATCH9156,2026-10-14,759,8
370,125,Paracetamol,BATCH9024,2026-05-10,201,4
371,206,Paracetamol,BATCH9211,2026-09-10,59,1
372,118,Amoxicillin,BATCH3017,2026-03-11,570,2
373,17,Metformin,BATCH3144,2026-06-10,699,9
374,159,Amlodipine,BATCH6214,2026-08-22,683,3
375,11,Amoxicillin,BATCH6473,2026-06-30,117,8
376,156,Amoxicillin,BATCH4388,2026-10-14,473,8
377,46,Metformin,BATCH2489,2026-04-02,207,2
378,130,Cough Syrup,BATCH4471,2026-04-12,521,2
379,154,ORS,BATCH3894,2026-05-03,356,1
380,14,Insulin,BATCH2524,2026-06-15,57,3
381,88,ORS,BATCH2605,2026-05-03,21,9
382,71,ORS,BATCH2088,2026-02-14,140,2
383,9,Paracetamol,BATCH6497,2026-02-10,438,10
384,139,Insulin,BATCH6907,2026-10-19,150,7
385,21,ORS,BATCH6123,2026-08-20,763,10
386,135,Cough Syrup,BATCH8865,2026-06-03,48,4
387,201,Azithromycin,BATCH4368,2026-06-18,327,6
388,164,Metformin,BATCH8091,2026-06-18,773,6
389,91,Azithromycin,BATCH3890,2026-09-18,761,2
390,187,Cough Syrup,BATCH6081,2026-05-19,106,2
391,168,Ibuprofen,BATCH9788,2026-03-17,172,10
392,160,ORS,BATCH8537,2026-03-08,295,4
393,166,Ibuprofen,BATCH2470,2026-08-02,433,8
394,136,Amlodipine,BATCH5623,2026-04-05,110,5
395,176,Ibuprofen,BATCH3018,2026-06-01,300,3
396,145,Vitamin B-Complex,BATCH5543,2026-02-20,592,4
397,21,Amlodipine,BATCH3607,2026-09-10,272,3
398,83,Paracetamol,BATCH5477,2026-04-25,319,1
399,29,Metformin,BATCH8818,2026-08-18,501,10
400,53,Amoxicillin,BATCH3795,2026-02-07,486,1
401,184,Ibuprofen,BATCH1086,2026-05-07,465,10
402,203,Metformin,BATCH5535,2026-02-13,472,4
403,150,Cough Syrup,BATCH5228,2026-10-19,93,3
404,175,Paracetamol,BATCH8390,2026-08-24,689,6
405,11,Vitamin B-Complex,BATCH4573,2026-07-11,294,10
406,84,Ibuprofen,BATCH2566,2026-10-16,597,6
407,150,Amlodipine,BATCH9494,2026-06-22,477,5
408,186,Ibuprofen,BATCH2595,2026-07-02,138,9
409,155,Amoxicillin,BATCH1505,2026-10-21,186,1
410,143,Amlodipine,BATCH3805,2026-04-22,665,5
411,16,Cough Syrup,BATCH4580,2026-05-20,42,2
412,52,Ibuprofen,BATCH3016,2026-02-01,209,6
413,159,Insulin,BATCH5171,2026-04-02,226,3
414,145,Insulin,BATCH8356,2026-05-30,523,4
415,213,Metformin,BATCH8125,2026-08-02,36,2
416,5,Ibuprofen,BATCH1533,2026-02-17,344,1
417,129,Amoxicillin,BATCH1590,2026-07-02,773,4
418,173,Amlodipine,BATCH7190,2026-04-17,85,3
419,141,Metformin,BATCH9519,2026-02-13,772,9
420,147,Vitamin B-Complex,BATCH7048,2026-08-12,53,5
421,61,Paracetamol,BATCH8608,2026-05-03,726,7
422,67,Ibuprofen,BATCH5900,2026-07-29,117,8
423,180,Ibuprofen,BATCH6482,2026-02-27,255,3
424,123,Metformin,BATCH4725,2026-10-14,723,9
425,121,Metformin,BATCH9084,2026-02-03,355,2
426,117,ORS,BATCH6772,2026-10-25,279,8
427,156,Azithromycin,BATCH1227,2026-03-28,94,10
428,136,Insulin,BATCH7455,2026-08-29,367,3
429,31,Ibuprofen,BATCH2805,2026-07-02,414,7
430,144,Ibuprofen,BATCH1547,2026-04-21,391,7
431,75,Amoxicillin,BATCH5211,2026-07-10,127,4
432,3,Cough Syrup,BATCH7315,2026-03-07,138,4
433,125,Amoxicillin,BATCH6038,2026-10-19,76,2
434,49,ORS,BATCH4759,2026-06-25,79,10
435,175,Amoxicillin,BATCH1251,2026-10-04,385,3
436,142,Amlodipine,BATCH1778,2026-07-14,497,3
437,101,Paracetamol,BATCH8753,2026-06-14,282,10
438,19,Insulin,BATCH4137,2026-05-27,39,9
439,138,Amoxicillin,BATCH4952,2026-08-11,541,2
440,33,Paracetamol,BATCH8302,2026-02-15,650,3
441,128,Amlodipine,BATCH1466,2026-04-13,111,3
442,9,Amoxicillin,BATCH4351,2026-04-21,473,10
443,77,Metformin,BATCH9005,2026-05-23,397,7
444,123,Ibuprofen,BATCH9692,2026-02-22,621,4
445,113,Amoxicillin,BATCH9867,2026-03-26,231,5
446,19,Paracetamol,BATCH8746,2026-10-24,335,3
447,199,Amoxicillin,BATCH6329,2026-04-09,119,3
448,131,Amoxicillin,BATCH2791,2026-05-03,724,2
449,143,Insulin,BATCH6670,2026-02-24,604,2
450,91,Azithromycin,BATCH9466,2026-04-28,296,1
451,196,Vitamin B-Complex,BATCH1495,2026-09-06,35,1
452,106,Ibuprofen,BATCH1609,2026-07-29,268,10
453,128,Ibuprofen,BATCH5553,2026-10-27,459,5
454,211,Ibuprofen,BATCH2842,2026-05-03,759,1
455,51,Ibuprofen,BATCH5267,2026-10-02,793,3
456,45,Insulin,BATCH6676,2026-05-30,563,4
457,157,Azithromycin,BATCH6940,2026-04-12,424,4
458,47,Metformin,BATCH6584,2026-07-26,562,6
459,206,Azithromycin,BATCH6193,2026-07-29,239,2
460,168,Ibuprofen,BATCH8341,2026-03-12,744,4
461,35,Ibuprofen,BATCH8518,2026-07-21,121,10
462,131,Ibuprofen,BATCH8135,2026-06-29,98,7
463,37,ORS,BATCH8938,2026-09-26,228,9
464,9,Metformin,BATCH4608,2026-05-29,773,5
465,155,Paracetamol,BATCH6517,2026-07-18,715,9
466,101,Vitamin B-Complex,BATCH1850,2026-02-08,700,10
467,167,Ibuprofen,BATCH9757,2026-08-05,636,6
468,46,Metformin,BATCH2520,2026-06-07,183,7
469,17,Paracetamol,BATCH5071,2026-02-17,520,9
470,102,Insulin,BATCH9320,2026-10-23,464,2
471,39,Azithromycin,BATCH1977,2026-04-23,211,8
472,215,Ibuprofen,BATCH9443,2026-07-14,48,4
473,40,Azithromycin,BATCH1541,2026-08-11,25,3
474,146,Paracetamol,BATCH7318,2026-03-12,115,3
475,2,Amlodipine,BATCH3009,2026-06-03,299,8
476,47,Metformin,BATCH3058,2026-06-22,738,2
477,89,Azithromycin,BATCH7069,2026-06-05,367,2
478,136,Paracetamol,BATCH4995,2026-03-06,689,4
479,155,Cough Syrup,BATCH7482,2026-05-15,773,5
480,67,Amlodipine,BATCH4138,2026-06-22,355,3
481,160,Insulin,BATCH3860,2026-05-29,266,2
482,173,Amlodipine,BATCH2430,2026-04-16,334,2
483,118,ORS,BATCH6093,2026-09-06,701,3
484,153,Azithromycin,BATCH4990,2026-02-24,795,2
485,16,Insulin,BATCH1607,2026-10-16,254,7
486,203,Azithromycin,BATCH8249,2026-02-12,588,5
487,13,ORS,BATCH2273,2026-10-09,155,4
488,85,Metformin,BATCH9438,2026-05-28,275,5
489,139,Metformin,BATCH8791,2026-02-14,655,10
490,201,Paracetamol,BATCH7957,2026-06-02,81,1
491,146,Azithromycin,BATCH8300,2026-06-12,261,9
492,121,Azithromycin,BATCH2108,2026-03-04,410,2
493,217,Amoxicillin,BATCH6058,2026-08-06,88,8
494,34,Amlodipine,BATCH3460,2026-03-22,397,1
495,92,Amoxicillin,BATCH4180,2026-05-22,609,6
496,197,Ibuprofen,BATCH4080,2026-07-15,538,5
497,70,Paracetamol,BATCH4023,2026-05-08,471,10
498,138,Cough Syrup,BATCH6328,2026-03-14,46,2
499,115,Azithromycin,BATCH8532,2026-10-04,690,6
500,126,Cough Syrup,BATCH5198,2026-06-09,433,8
501,70,Ibuprofen,BATCH9672,2026-05-12,629,3
502,20,Paracetamol,BATCH5932,2026-02-27,499,5
503,3,Azithromycin,BATCH1338,2026-06-14,133,9
504,47,Paracetamol,BATCH2877,2026-10-18,768,2
505,9,ORS,BATCH1009,2026-02-06,674,3
506,163,Azithromycin,BATCH6186,2026-08-27,316,5
507,70,Azithromycin,BATCH7379,2026-10-02,381,2
508,153,Cough Syrup,BATCH4136,2026-06-02,109,4
509,56,Vitamin B-Complex,BATCH9416,2026-05-03,24,8
510,20,Paracetamol,BATCH3087,2026-04-07,557,7
511,194,Cough Syrup,BATCH2685,2026-09-16,520,3
512,219,Amlodipine,BATCH5675,2026-03-23,659,6
513,22,Vitamin B-Complex,BATCH4310,2026-07-10,673,3
514,177,Metformin,BATCH7451,2026-03-29,230,6
515,82,Ibuprofen,BATCH4987,2026-02-02,608,10
516,31,Paracetamol,BATCH3515,2026-07-07,674,4
517,177,Amlodipine,BATCH6677,2026-03-04,150,8
518,113,Amoxicillin,BATCH6613,2026-02-20,289,2
519,92,Amlodipine,BATCH7877,2026-03-23,296,7
520,2,Azithromycin,BATCH8343,2026-08-15,695,6
521,130,Metformin,BATCH3766,2026-04-04,445,2
522,121,Vitamin B-Complex,BATCH5125,2026-10-15,116,9
523,26,Ibuprofen,BATCH2917,2026-04-07,683,5
524,46,Insulin,BATCH2444,2026-02-19,453,8
525,144,ORS,BATCH1904,2026-07-01,486,2
526,177,Amoxicillin,BATCH8229,2026-06-28,54,10
527,152,Cough Syrup,BATCH9634,2026-08-20,787,6
528,161,Azithromycin,BATCH1945,2026-05-13,395,2
529,49,Amoxicillin,BATCH2900,2026-02-17,377,3
530,207,Amlodipine,BATCH2979,2026-02-01,488,8
531,119,Azithromycin,BATCH9761,2026-08-19,413,5
532,46,Paracetamol,BATCH2866,2026-03-11,491,6
533,96,Amlodipine,BATCH2346,2026-10-16,162,4
534,206,Cough Syrup,BATCH6999,2026-03-07,397,3
535,192,Insulin,BATCH7191,2026-05-06,303,8
536,56,Ibuprofen,BATCH7930,2026-06-30,27,8
537,88,Metformin,BATCH2479,2026-03-18,596,2
538,177,Amoxicillin,BATCH2586,2026-03-25,281,5
539,195,Ibuprofen,BATCH2988,2026-09-24,465,7
540,68,Azithromycin,BATCH4634,2026-10-25,253,6
541,34,ORS,BATCH8251,2026-07-28,697,6
542,158,Ibuprofen,BATCH2051,2026-10-02,637,9
543,65,Paracetamol,BATCH2330,2026-04-14,791,2
544,121,Azithromycin,BATCH2751,2026-03-17,506,9
545,84,Azithromycin,BATCH6276,2026-03-03,196,6
546,14,Insulin,BATCH5379,2026-09-29,175,1
547,93,Metformin,BATCH6058,2026-02-20,64,2
548,48,Amoxicillin,BATCH8328,2026-07-10,783,3
549,163,Cough Syrup,BATCH5786,2026-03-01,105,8
550,192,Azithromycin,BATCH7902,2026-05-11,731,10
551,207,ORS,BATCH7734,2026-08-19,280,1
552,79,Cough Syrup,BATCH6359,2026-09-26,397,6
553,163,ORS,BATCH7986,2026-09-11,162,2
554,30,Amoxicillin,BATCH2902,2026-04-20,240,2
555,169,Vitamin B-Complex,BATCH2969,2026-10-02,723,7
556,207,Paracetamol,BATCH8592,2026-02-22,614,4
557,170,Metformin,BATCH3173,2026-04-15,81,6
558,207,Paracetamol,BATCH3573,2026-09-15,583,4
559,135,Amlodipine,BATCH2193,2026-03-16,611,5
560,80,Vitamin B-Complex,BATCH6125,2026-03-19,585,6
561,208,Metformin,BATCH8792,2026-05-13,369,8
562,30,Azithromycin,BATCH9179,2026-07-04,489,3
563,51,Vitamin B-Complex,BATCH1979,2026-08-16,467,2
564,146,Insulin,BATCH4887,2026-07-30,740,7
565,72,Vitamin B-Complex,BATCH3814,2026-07-18,482,2
566,60,Paracetamol,BATCH3479,2026-08-26,291,8
567,218,Amlodipine,BATCH8726,2026-06-28,509,6
568,46,Ibuprofen,BATCH2053,2026-06-29,533,1
569,109,Insulin,BATCH5993,2026-03-08,417,1
570,182,Azithromycin,BATCH6354,2026-02-21,192,9
571,41,Cough Syrup,BATCH4194,2026-03-25,151,3
572,140,ORS,BATCH5060,2026-03-21,184,7
573,16,ORS,BATCH7245,2026-09-25,669,4
574,200,Metformin,BATCH8285,2026-09-12,33,6
575,156,ORS,BATCH5298,2026-06-07,751,1
576,44,Paracetamol,BATCH5817,2026-05-18,528,4
577,122,Paracetamol,BATCH4235,2026-02-18,129,5
578,111,Metformin,BATCH2463,2026-05-16,647,5
579,136,Amoxicillin,BATCH4381,2026-02-07,298,8
580,127,Cough Syrup,BATCH5594,2026-08-20,762,7
581,209,ORS,BATCH8770,2026-07-01,429,8
582,84,Azithromycin,BATCH6188,2026-02-06,656,6
583,102,Amoxicillin,BATCH6946,2026-04-12,110,2
584,193,Paracetamol,BATCH3386,2026-07-29,352,7
585,100,Metformin,BATCH5302,2026-06-10,185,10
586,191,Cough Syrup,BATCH8726,2026-06-02,716,4
587,84,Paracetamol,BATCH9630,2026-07-31,226,9
588,203,Metformin,BATCH1117,2026-04-02,789,1
589,93,Insulin,BATCH1603,2026-02-06,791,3
590,83,Vitamin B-Complex,BATCH7493,2026-02-02,477,9
591,124,Azithromycin,BATCH3511,2026-05-03,70,5
592,130,Amlodipine,BATCH6770,2026-05-13,447,4
593,174,Ibuprofen,BATCH6513,2026-05-19,632,6
594,46,Amlodipine,BATCH8477,2026-03-14,371,5
595,21,Paracetamol,BATCH2033,2026-08-13,213,6
596,21,Paracetamol,BATCH6626,2026-04-12,560,2
597,199,Cough Syrup,BATCH5973,2026-02-02,185,10
598,25,Amlodipine,BATCH6067,2026-08-03,250,5
599,123,Ibuprofen,BATCH1265,2026-06-26,536,2
600,121,Amoxicillin,BATCH4682,2026-10-09,262,8
601,93,Insulin,BATCH6271,2026-05-25,113,8
602,182,Amlodipine,BATCH7529,2026-05-20,382,7
603,158,Cough Syrup,BATCH8903,2026-04-30,459,4
604,147,ORS,BATCH6599,2026-03-07,403,6
605,178,Amlodipine,BATCH3177,2026-10-20,390,3
606,189,ORS,BATCH9418,2026-06-11,548,2
607,102,Vitamin B-Complex,BATCH4580,2026-04-11,518,6
608,59,Paracetamol,BATCH3134,2026-09-16,672,6
609,200,Amlodipine,BATCH2668,2026-06-27,790,8
610,23,Paracetamol,BATCH3448,2026-07-18,20,4
611,124,Azithromycin,BATCH9388,2026-06-27,573,2
612,77,Metformin,BATCH1356,2026-05-17,335,8
613,111,Vitamin B-Complex,BATCH4203,2026-02-03,696,6
614,124,Vitamin B-Complex,BATCH4127,2026-03-05,233,8
615,154,Ibuprofen,BATCH2610,2026-06-08,193,1
616,73,Ibuprofen,BATCH4606,2026-07-15,689,10
617,29,Vitamin B-Complex,BATCH9344,2026-04-20,541,9
618,121,Cough Syrup,BATCH6831,2026-07-15,244,9
619,162,Ibuprofen,BATCH3870,2026-07-22,284,1
620,130,Amlodipine,BATCH6092,2026-10-03,542,4
621,11,Amlodipine,BATCH7771,2026-05-13,457,2
622,107,Insulin,BATCH9696,2026-07-14,780,2
623,111,Amlodipine,BATCH3262,2026-03-11,365,5
624,28,Azithromycin,BATCH4491,2026-09-30,463,5
625,72,Azithromycin,BATCH2979,2026-09-24,411,5
626,186,ORS,BATCH4028,2026-10-26,644,3
627,79,Azithromycin,BATCH9240,2026-05-08,95,8
628,174,Vitamin B-Complex,BATCH7630,2026-06-06,614,1
629,11,Amlodipine,BATCH6189,2026-06-04,598,5
630,94,Ibuprofen,BATCH2257,2026-07-02,44,4
631,133,Vitamin B-Complex,BATCH2035,2026-03-02,648,9
632,147,Cough Syrup,BATCH7647,2026-05-05,41,8
633,151,Amoxicillin,BATCH1781,2026-06-08,659,4
634,169,Amlodipine,BATCH3315,2026-07-23,483,5
635,160,Amlodipine,BATCH7420,2026-06-19,178,4
636,173,ORS,BATCH5112,2026-06-28,252,8
637,174,Amlodipine,BATCH6462,2026-04-25,346,4
638,142,Cough Syrup,BATCH7747,2026-07-04,656,4
639,64,Vitamin B-Complex,BATCH5761,2026-07-14,738,2
640,108,Metformin,BATCH5415,2026-04-02,613,5
641,94,Cough Syrup,BATCH7217,2026-04-08,65,5
642,219,Vitamin B-Complex,BATCH8963,2026-06-16,641,4
643,212,Metformin,BATCH1536,2026-05-12,511,10
644,45,Paracetamol,BATCH4394,2026-02-22,24,9
645,79,ORS,BATCH6542,2026-03-06,769,6
646,163,Paracetamol,BATCH8373,2026-10-26,275,4
647,158,Amlodipine,BATCH7780,2026-08-12,40,2
648,20,Insulin,BATCH2619,2026-09-13,705,3
649,122,ORS,BATCH6124,2026-04-14,586,5
650,128,Ibuprofen,BATCH6132,2026-06-09,261,1
651,108,Vitamin B-Complex,BATCH6931,2026-07-09,278,8
652,9,Paracetamol,BATCH7546,2026-08-23,736,6
653,200,Cough Syrup,BATCH3888,2026-04-03,399,6
654,120,Insulin,BATCH5149,2026-06-05,378,7
655,77,Cough Syrup,BATCH7180,2026-04-12,327,4
656,188,Amlodipine,BATCH2378,2026-05-02,647,1
657,33,Vitamin B-Complex,BATCH6919,2026-04-13,374,1
658,126,Insulin,BATCH6591,2026-06-05,514,3
659,34,Paracetamol,BATCH1253,2026-08-10,118,7
660,70,Paracetamol,BATCH4940,2026-08-21,545,2
661,76,Metformin,BATCH2514,2026-08-05,383,2
662,211,Paracetamol,BATCH7742,2026-05-29,607,2
663,155,Cough Syrup,BATCH3509,2026-06-24,131,10
664,38,Amoxicillin,BATCH5784,2026-08-13,129,4
665,90,Metformin,BATCH2037,2026-02-03,20,7
666,32,Paracetamol,BATCH3552,2026-08-27,593,5
667,119,Azithromycin,BATCH7010,2026-09-26,527,8
668,189,ORS,BATCH7278,2026-07-18,290,10
669,138,Paracetamol,BATCH6742,2026-06-05,114,5
670,13,Azithromycin,BATCH5044,2026-02-11,110,6
671,95,Azithromycin,BATCH7311,2026-09-08,117,7
672,44,ORS,BATCH4595,2026-08-05,538,8
673,71,Insulin,BATCH7930,2026-05-23,303,6
674,45,Metformin,BATCH5909,2026-04-26,628,8
675,100,Cough Syrup,BATCH4759,2026-03-17,703,8
676,123,Vitamin B-Complex,BATCH7008,2026-07-01,652,2
677,80,Ibuprofen,BATCH1707,2026-06-14,410,1
678,204,Amoxicillin,BATCH7509,2026-05-03,374,3
679,39,Azithromycin,BATCH9546,2026-07-04,602,6
680,58,Paracetamol,BATCH5031,2026-02-01,710,3
681,161,Vitamin B-Complex,BATCH1696,2026-08-24,482,6
682,11,Paracetamol,BATCH5164,2026-06-27,555,8
683,12,Ibuprofen,BATCH2358,2026-07-06,104,5
684,51,Amoxicillin,BATCH6985,2026-07-14,417,5
685,31,ORS,BATCH2088,2026-06-16,645,9
686,183,Amlodipine,BATCH2949,2026-02-14,435,1
687,99,Cough Syrup,BATCH3417,2026-09-02,148,6
688,85,Azithromycin,BATCH6316,2026-03-07,727,2
689,54,Ibuprofen,BATCH9289,2026-05-21,620,9
690,96,Paracetamol,BATCH1455,2026-09-19,145,2
691,90,ORS,BATCH4699,2026-08-27,251,4
692,46,Ibuprofen,BATCH1278,2026-04-22,406,4
693,71,Paracetamol,BATCH8041,2026-02-01,393,5
694,154,Paracetamol,BATCH4549,2026-08-03,320,6
695,20,Azithromycin,BATCH1448,2026-03-02,449,9
696,190,Amlodipine,BATCH8197,2026-03-04,640,7
697,189,Cough Syrup,BATCH2555,2026-05-05,539,10
698,134,Cough Syrup,BATCH1897,2026-03-09,472,2
699,126,ORS,BATCH9101,2026-08-16,525,7
700,176,Amlodipine,BATCH2509,2026-05-05,20,4
701,216,Metformin,BATCH8334,2026-06-30,325,9
702,126,ORS,BATCH1187,2026-09-13,358,9
703,14,ORS,BATCH8064,2026-10-16,221,2
704,54,Ibuprofen,BATCH8407,2026-02-03,700,10
705,13,Metformin,BATCH9285,2026-04-08,116,1
706,111,Azithromycin,BATCH8408,2026-04-14,675,10
707,29,Vitamin B-Complex,BATCH9795,2026-02-26,82,3
708,123,Cough Syrup,BATCH2272,2026-10-12,734,6
709,190,Insulin,BATCH9955,2026-09-24,427,10
710,13,Amoxicillin,BATCH7040,2026-08-11,609,9
711,191,Metformin,BATCH8496,2026-05-15,198,1
712,166,Amlodipine,BATCH3489,2026-10-07,230,1
713,109,Vitamin B-Complex,BATCH2259,2026-04-19,79,3
714,185,Ibuprofen,BATCH8467,2026-07-02,303,9
715,99,Amlodipine,BATCH9552,2026-06-16,233,2
716,161,Insulin,BATCH2555,2026-03-12,153,3
717,37,Amlodipine,BATCH4071,2026-04-21,462,3
718,172,Ibuprofen,BATCH5831,2026-06-15,391,8
719,152,Metformin,BATCH4716,2026-09-04,750,4
720,138,Azithromycin,BATCH1752,2026-09-09,367,5
721,70,Azithromycin,BATCH2987,2026-04-29,56,2
722,178,Cough Syrup,BATCH6748,2026-03-22,66,1
723,157,Azithromycin,BATCH2567,2026-08-18,399,2
724,131,Cough Syrup,BATCH3066,2026-02-25,682,5
725,198,Cough Syrup,BATCH5521,2026-07-23,37,8
726,57,Metformin,BATCH6643,2026-09-15,283,5
727,47,Vitamin B-Complex,BATCH9108,2026-09-07,24,9
728,174,Amlodipine,BATCH3823,2026-06-25,158,10
729,90,Ibuprofen,BATCH1106,2026-03-16,114,10
730,38,Ibuprofen,BATCH5440,2026-07-14,189,3
731,72,Amoxicillin,BATCH6501,2026-07-28,694,2
732,138,Cough Syrup,BATCH5041,2026-10-09,391,9
733,73,ORS,BATCH5117,2026-07-14,305,6
734,159,Insulin,BATCH5019,2026-09-23,206,8
735,18,Amoxicillin,BATCH9979,2026-05-22,59,4
736,115,Vitamin B-Complex,BATCH4664,2026-03-01,569,4
737,163,Vitamin B-Complex,BATCH4974,2026-05-12,156,3
738,113,Metformin,BATCH1887,2026-10-04,681,5
739,150,ORS,BATCH4975,2026-03-30,129,4
740,53,Insulin,BATCH7687,2026-10-20,512,9
741,107,Azithromycin,BATCH9848,2026-04-03,536,4
742,172,Vitamin B-Complex,BATCH8261,2026-04-13,374,1
743,121,Metformin,BATCH5080,2026-08-17,419,2
744,135,Insulin,BATCH3854,2026-03-26,355,2
745,133,Amoxicillin,BATCH1455,2026-02-15,218,3
746,24,Ibuprofen,BATCH7710,2026-05-05,192,9
747,199,Azithromycin,BATCH5256,2026-03-23,739,2
748,217,Vitamin B-Complex,BATCH5063,2026-04-21,410,4
749,192,Ibuprofen,BATCH5951,2026-10-06,126,4
750,220,Azithromycin,BATCH4971,2026-10-20,251,2
751,1,Paracetamol,BATCH6159,2026-09-23,736,5
752,29,Insulin,BATCH8007,2026-06-14,186,6
753,218,Cough Syrup,BATCH1656,2026-05-04,701,9
754,144,Insulin,BATCH1301,2026-02-26,252,1
755,184,ORS,BATCH8395,2026-07-21,797,10
756,122,Amlodipine,BATCH4297,2026-02-01,290,8
757,123,Insulin,BATCH9101,2026-10-07,698,9
758,209,Azithromycin,BATCH1563,2026-07-05,540,6
759,41,Paracetamol,BATCH9771,2026-07-26,526,6
760,41,Insulin,BATCH8234,2026-07-28,35,2
761,83,Azithromycin,BATCH2022,2026-07-12,336,8
762,70,Amlodipine,BATCH1852,2026-05-22,67,3
763,172,ORS,BATCH6166,2026-08-29,481,1
764,8,Ibuprofen,BATCH2400,2026-04-30,110,7
765,115,ORS,BATCH6486,2026-02-25,120,4
766,104,Paracetamol,BATCH7836,2026-10-10,215,5
767,120,Azithromycin,BATCH6977,2026-07-11,593,10
768,30,Amlodipine,BATCH5629,2026-08-12,236,3
769,66,ORS,BATCH4164,2026-03-09,357,9
770,177,Metformin,BATCH1018,2026-07-09,769,9
771,153,ORS,BATCH9729,2026-02-05,492,3
772,106,Insulin,BATCH1849,2026-09-05,370,8
773,177,Metformin,BATCH4726,2026-03-04,239,3
774,116,ORS,BATCH5149,2026-05-27,797,1
775,86,Metformin,BATCH5911,2026-04-05,634,10
776,112,Paracetamol,BATCH3267,2026-06-20,117,2
777,215,ORS,BATCH5824,2026-08-01,221,7
778,205,Amoxicillin,BATCH1352,2026-10-07,289,2
779,63,Cough Syrup,BATCH7118,2026-04-06,573,5
780,104,Cough Syrup,BATCH6653,2026-02-12,42,6
781,63,ORS,BATCH4926,2026-02-24,122,10
782,89,Ibuprofen,BATCH8015,2026-04-03,595,1
783,186,Metformin,BATCH5752,2026-05-14,53,10
784,220,Amlodipine,BATCH5211,2026-07-15,589,4
785,142,Vitamin B-Complex,BATCH2006,2026-03-02,600,9
786,195,Paracetamol,BATCH8602,2026-05-22,402,5
787,45,Ibuprofen,BATCH7044,2026-03-14,672,6
788,106,Ibuprofen,BATCH3596,2026-08-08,197,2
789,42,Azithromycin,BATCH2304,2026-10-26,361,5
790,78,Cough Syrup,BATCH1224,2026-02-04,423,2
791,202,Amlodipine,BATCH8864,2026-09-18,661,4
792,173,Amoxicillin,BATCH1416,2026-09-06,67,10
793,21,Paracetamol,BATCH2786,2026-08-18,98,10
794,70,Metformin,BATCH3211,2026-06-20,152,1
795,156,Amoxicillin,BATCH8288,2026-10-28,640,1
796,142,Amoxicillin,BATCH3858,2026-10-27,442,4
797,23,Metformin,BATCH9118,2026-05-04,598,6
798,7,Cough Syrup,BATCH8727,2026-02-18,446,3
799,212,Insulin,BATCH1675,2026-04-24,767,4
800,68,Azithromycin,BATCH3743,2026-09-27,392,8
801,3,Insulin,BATCH9354,2026-09-26,105,3
802,71,Ibuprofen,BATCH6978,2026-03-30,423,10
803,204,Azithromycin,BATCH5783,2026-10-03,228,4
804,92,Paracetamol,BATCH2476,2026-04-02,131,2
805,123,Ibuprofen,BATCH8036,2026-02-17,431,9
806,24,Insulin,BATCH5622,2026-02-25,668,9
807,76,ORS,BATCH2131,2026-06-03,211,6
808,137,Azithromycin,BATCH8299,2026-03-09,360,7
809,174,Paracetamol,BATCH9896,2026-02-19,71,6
810,166,Insulin,BATCH4035,2026-02-20,500,6
811,117,Amlodipine,BATCH9113,2026-06-26,248,5
812,175,Azithromycin,BATCH2685,2026-04-29,120,9
813,35,Cough Syrup,BATCH7210,2026-09-28,686,9
814,77,Paracetamol,BATCH1905,2026-05-19,518,6
815,94,Cough Syrup,BATCH3353,2026-06-23,620,6
816,4,Ibuprofen,BATCH5675,2026-04-08,572,2
817,25,Amoxicillin,BATCH8659,2026-05-27,245,2
818,188,Paracetamol,BATCH6262,2026-08-04,739,5
819,52,Amlodipine,BATCH2296,2026-02-13,368,6
820,118,Insulin,BATCH4551,2026-04-12,693,3
821,14,Azithromycin,BATCH6663,2026-03-13,291,5
822,102,Ibuprofen,BATCH7832,2026-08-11,346,7
823,79,Vitamin B-Complex,BATCH7610,2026-09-28,353,6
824,2,Ibuprofen,BATCH4735,2026-04-10,339,7
825,189,Azithromycin,BATCH4452,2026-10-18,99,6
826,25,Azithromycin,BATCH5153,2026-08-03,126,3
827,200,Azithromycin,BATCH1544,2026-08-26,704,8
828,102,Metformin,BATCH2445,2026-07-19,228,1
829,12,Ibuprofen,BATCH2931,2026-03-16,137,10
830,141,Cough Syrup,BATCH9090,2026-07-04,246,1
831,145,Ibuprofen,BATCH9646,2026-07-16,627,10
832,140,Vitamin B-Complex,BATCH5741,2026-09-10,66,7
833,120,Paracetamol,BATCH8311,2026-03-06,305,3
834,21,Paracetamol,BATCH3459,2026-04-17,162,1
835,106,Insulin,BATCH9668,2026-09-18,475,10
836,160,Amlodipine,BATCH1094,2026-06-30,542,1
837,81,Paracetamol,BATCH1509,2026-10-19,165,3
838,45,Insulin,BATCH8315,2026-02-06,244,5
839,158,Amoxicillin,BATCH3513,2026-04-08,98,3
840,212,Azithromycin,BATCH4847,2026-03-03,506,10
841,161,Amoxicillin,BATCH3563,2026-08-28,241,1
842,149,Insulin,BATCH9557,2026-02-25,473,10
843,187,Insulin,BATCH2444,2026-06-12,645,10
844,89,Metformin,BATCH4008,2026-02-19,14,3
845,136,Amoxicillin,BATCH6097,2026-09-24,726,2
846,74,ORS,BATCH6715,2026-04-09,259,2
847,91,Paracetamol,BATCH5932,2026-08-26,294,9
848,162,Paracetamol,BATCH5620,2026-06-15,20,5
849,162,Ibuprofen,BATCH1609,2026-04-13,277,10
850,37,Amoxicillin,BATCH4623,2026-06-14,49,6
851,212,Amlodipine,BATCH1064,2026-09-15,756,2
852,100,ORS,BATCH5087,2026-05-23,258,3
853,196,Amlodipine,BATCH4306,2026-09-18,145,1
854,110,Cough Syrup,BATCH5859,2026-03-20,120,8
855,134,Amlodipine,BATCH8509,2026-03-31,137,8
856,128,Metformin,BATCH3913,2026-09-01,80,8
857,35,Amoxicillin,BATCH4179,2026-04-29,525,4
858,168,Metformin,BATCH5807,2026-08-06,777,10
859,162,Amoxicillin,BATCH9218,2026-07-29,252,6
860,20,Cough Syrup,BATCH8286,2026-05-04,600,8
861,211,Paracetamol,BATCH4945,2026-08-18,757,10
862,181,Cough Syrup,BATCH2034,2026-05-27,457,6
863,23,Paracetamol,BATCH5316,2026-07-05,385,8
864,99,Metformin,BATCH5175,2026-03-28,456,1
865,161,ORS,BATCH8959,2026-07-30,194,2
866,207,Insulin,BATCH1900,2026-04-15,25,10
867,84,Ibuprofen,BATCH9577,2026-08-08,518,2
868,20,Metformin,BATCH3996,2026-09-16,200,6
869,18,Amlodipine,BATCH8649,2026-06-23,784,10
870,67,ORS,BATCH8814,2026-04-01,46,9
871,20,Metformin,BATCH2748,2026-09-24,797,8
872,86,Vitamin B-Complex,BATCH2570,2026-09-05,245,8
873,34,Metformin,BATCH4400,2026-03-13,392,8
874,109,Ibuprofen,BATCH7730,2026-06-10,525,8
875,9,Amoxicillin,BATCH1335,2026-02-23,63,4
876,167,Amoxicillin,BATCH8347,2026-03-14,571,6
877,197,Amlodipine,BATCH4684,2026-05-25,570,8
878,217,Metformin,BATCH3725,2026-10-11,637,5
879,152,Amlodipine,BATCH3157,2026-06-16,644,5
880,174,Paracetamol,BATCH8088,2026-05-29,118,5
881,213,Cough Syrup,BATCH2223,2026-06-16,217,7
882,110,Amoxicillin,BATCH9200,2026-09-08,445,3
883,200,ORS,BATCH4588,2026-04-03,246,10
884,167,Ibuprofen,BATCH2735,2026-03-07,214,10
885,198,Amlodipine,BATCH2405,2026-10-27,374,7
886,185,Amlodipine,BATCH3012,2026-03-29,275,2
887,166,Amoxicillin,BATCH8358,2026-09-20,674,5
888,116,Cough Syrup,BATCH3632,2026-07-28,587,10
889,78,Amoxicillin,BATCH6509,2026-09-27,412,3
890,161,ORS,BATCH3452,2026-03-28,711,1
891,66,ORS,BATCH7562,2026-10-23,664,4
892,42,Cough Syrup,BATCH6148,2026-04-21,138,1
893,78,Vitamin B-Complex,BATCH8562,2026-08-20,545,10
894,46,Vitamin B-Complex,BATCH6074,2026-10-01,642,8
895,193,Metformin,BATCH8202,2026-10-06,760,10
896,186,Paracetamol,BATCH3788,2026-09-06,105,9
897,49,Ibuprofen,BATCH6479,2026-03-24,448,1
898,53,Amoxicillin,BATCH6543,2026-05-08,321,5
899,123,ORS,BATCH1616,2026-03-04,525,8
900,157,ORS,BATCH2769,2026-06-29,294,6
901,76,Cough Syrup,BATCH4555,2026-06-13,425,9
902,45,Azithromycin,BATCH7894,2026-08-16,117,9
903,79,Amlodipine,BATCH8457,2026-04-07,652,7
904,2,Vitamin B-Complex,BATCH3540,2026-07-01,773,7
905,106,Metformin,BATCH8711,2026-07-23,43,9
906,117,Amoxicillin,BATCH1448,2026-08-25,503,8
907,77,Azithromycin,BATCH8440,2026-05-13,387,5
908,191,ORS,BATCH5713,2026-06-05,713,4
909,1,Vitamin B-Complex,BATCH2770,2026-04-12,705,1
910,186,Vitamin B-Complex,BATCH9148,2026-10-05,305,1
911,32,Ibuprofen,BATCH4029,2026-10-24,571,7
912,175,ORS,BATCH1423,2026-09-12,789,9
913,42,Amoxicillin,BATCH1953,2026-04-01,128,6
914,147,Amlodipine,BATCH5033,2026-02-06,771,1
915,128,Ibuprofen,BATCH9373,2026-02-11,387,7
916,32,Amoxicillin,BATCH6830,2026-05-10,461,4
917,153,Vitamin B-Complex,BATCH6920,2026-05-14,187,9
918,143,Amlodipine,BATCH3869,2026-10-18,537,3
919,70,Metformin,BATCH4256,2026-02-24,486,1
920,108,Vitamin B-Complex,BATCH3173,2026-06-18,365,6
921,174,Cough Syrup,BATCH8208,2026-08-12,84,1
922,209,Amlodipine,BATCH8364,2026-09-24,145,8
923,77,Vitamin B-Complex,BATCH7604,2026-07-25,196,6
924,197,Metformin,BATCH6428,2026-10-27,673,7
925,8,Metformin,BATCH5817,2026-06-16,590,4
926,45,Ibuprofen,BATCH5582,2026-04-25,94,2
927,194,Paracetamol,BATCH5819,2026-02-27,743,8
928,41,Paracetamol,BATCH3793,2026-05-18,740,6
929,154,Azithromycin,BATCH9850,2026-08-25,673,5
930,183,Ibuprofen,BATCH5290,2026-08-18,446,3
931,217,Paracetamol,BATCH4244,2026-03-06,421,7
932,94,Azithromycin,BATCH8232,2026-02-21,498,6
933,71,Ibuprofen,BATCH1664,2026-04-14,51,9
934,17,Amlodipine,BATCH7989,2026-08-27,301,5
935,108,Vitamin B-Complex,BATCH2675,2026-08-16,55,6
936,214,Cough Syrup,BATCH4617,2026-06-12,34,4
937,111,Azithromycin,BATCH7253,2026-02-16,150,8
938,55,Amoxicillin,BATCH1108,2026-02-20,489,8
939,131,Amlodipine,BATCH4592,2026-10-03,777,2
940,29,Paracetamol,BATCH2916,2026-05-13,525,6
941,92,Insulin,BATCH6075,2026-03-12,630,5
942,66,Metformin,BATCH5119,2026-05-30,698,8
943,74,Vitamin B-Complex,BATCH9228,2026-06-21,436,6
944,141,Metformin,BATCH7437,2026-04-24,566,4
945,94,Amoxicillin,BATCH7678,2026-05-30,701,6
946,152,ORS,BATCH2545,2026-05-01,297,6
947,138,Metformin,BATCH9411,2026-08-20,771,8
948,7,Azithromycin,BATCH6175,2026-09-27,41,3
949,24,Ibuprofen,BATCH1168,2026-07-25,261,10
950,111,Insulin,BATCH2015,2026-10-23,197,7
951,72,Ibuprofen,BATCH7747,2026-07-31,450,5
952,180,Azithromycin,BATCH8760,2026-08-15,685,8
953,116,ORS,BATCH6615,2026-04-10,277,6
954,138,Amoxicillin,BATCH4871,2026-05-19,74,3
955,142,Insulin,BATCH4576,2026-09-21,215,1
956,42,Metformin,BATCH9446,2026-07-16,623,10
957,8,Paracetamol,BATCH7767,2026-07-10,458,8
958,220,Amoxicillin,BATCH7430,2026-02-02,636,4
959,61,Cough Syrup,BATCH4354,2026-10-14,346,5
960,180,Azithromycin,BATCH4054,2026-09-02,87,4
961,184,Amlodipine,BATCH9453,2026-02-21,328,8
962,196,Cough Syrup,BATCH4974,2026-08-24,21,1
963,55,Vitamin B-Complex,BATCH2921,2026-03-04,38,2
964,205,Paracetamol,BATCH5722,2026-03-07,260,3
965,17,Metformin,BATCH9110,2026-10-03,57,2
966,136,Amoxicillin,BATCH8230,2026-05-31,666,1
967,125,Cough Syrup,BATCH2439,2026-05-12,358,2
968,130,Insulin,BATCH7559,2026-10-10,189,6
969,25,Metformin,BATCH8293,2026-05-27,594,5
970,113,ORS,BATCH7006,2026-03-30,500,3
971,90,Vitamin B-Complex,BATCH8828,2026-09-09,525,9
972,106,Insulin,BATCH1675,2026-09-07,307,5
973,28,Insulin,BATCH6204,2026-05-13,797,10
974,56,Azithromycin,BATCH7934,2026-07-29,97,4
975,176,Amlodipine,BATCH7037,2026-08-14,256,4
976,91,Cough Syrup,BATCH2281,2026-07-25,129,1
977,172,ORS,BATCH9370,2026-06-18,236,6
978,164,Vitamin B-Complex,BATCH8144,2026-08-31,625,7
979,64,ORS,BATCH7487,2026-07-25,220,2
980,207,Ibuprofen,BATCH2204,2026-09-18,672,6
981,137,Amlodipine,BATCH5867,2026-05-28,111,9
982,71,Ibuprofen,BATCH4574,2026-03-02,549,1
983,29,Metformin,BATCH4947,2026-07-26,569,6
984,172,Vitamin B-Complex,BATCH7011,2026-10-20,382,9
985,1,Metformin,BATCH5401,2026-08-05,712,8
986,154,Metformin,BATCH7439,2026-02-12,475,4
987,172,Cough Syrup,BATCH7859,2026-04-16,425,10
988,125,Ibuprofen,BATCH4861,2026-02-08,497,1
989,68,Ibuprofen,BATCH9555,2026-02-07,776,10
990,106,Azithromycin,BATCH3569,2026-09-16,69,3
991,165,Cough Syrup,BATCH2132,2026-02-09,620,10
992,155,Metformin,BATCH9392,2026-06-07,571,8
993,166,Amlodipine,BATCH3720,2026-10-06,678,9
994,39,Metformin,BATCH8086,2026-02-27,734,1
995,69,Amoxicillin,BATCH9972,2026-10-05,620,5
996,19,Ibuprofen,BATCH7222,2026-06-23,263,3
997,22,Vitamin B-Complex,BATCH3089,2026-06-21,493,9
998,77,Insulin,BATCH5097,2026-10-07,562,1
999,161,Metformin,BATCH3165,2026-06-29,394,4
1000,111,Azithromycin,BATCH9362,2026-03-13,686,6
1001,47,Amlodipine,BATCH4539,2026-08-02,711,8
1002,152,Cough Syrup,BATCH8018,2026-03-07,285,8
1003,12,Paracetamol,BATCH5985,2026-05-06,699,5
1004,125,Ibuprofen,BATCH3390,2026-05-26,249,4
1005,216,Metformin,BATCH7048,2026-04-19,368,10
1006,54,Ibuprofen,BATCH1461,2026-03-13,353,9
1007,199,Metformin,BATCH7726,2026-05-29,458,8
1008,46,Cough Syrup,BATCH6216,2026-07-03,385,1
1009,162,Cough Syrup,BATCH8634,2026-08-23,617,2
1010,34,Azithromycin,BATCH5699,2026-07-28,554,1
1011,95,Cough Syrup,BATCH7808,2026-04-28,611,6
1012,41,Metformin,BATCH7731,2026-07-31,74,9
1013,144,ORS,BATCH9561,2026-04-14,148,6
1014,107,Insulin,BATCH3151,2026-04-12,323,7
1015,162,Azithromycin,BATCH9918,2026-09-17,354,6
1016,216,Amoxicillin,BATCH9414,2026-07-12,789,1
1017,5,Vitamin B-Complex,BATCH1841,2026-08-16,252,1
1018,105,ORS,BATCH3666,2026-07-17,791,1
1019,135,Azithromycin,BATCH6440,2026-07-21,710,8
1020,141,Amoxicillin,BATCH9160,2026-09-01,378,1
1021,12,Amlodipine,BATCH3212,2026-04-14,669,4
1022,35,Amlodipine,BATCH6383,2026-07-06,12,5
1023,108,Vitamin B-Complex,BATCH9254,2026-04-12,375,4
1024,119,Ibuprofen,BATCH9846,2026-07-21,519,6
1025,146,Ibuprofen,BATCH2686,2026-08-31,768,9
1026,81,Paracetamol,BATCH5889,2026-02-12,276,2
1027,161,Ibuprofen,BATCH6264,2026-05-30,258,2
1028,129,Ibuprofen,BATCH1055,2026-03-18,367,3
1029,217,Amlodipine,BATCH4781,2026-07-10,540,10
1030,86,Amlodipine,BATCH5561,2026-08-16,703,1
1031,167,Metformin,BATCH2508,2026-09-17,169,10
1032,155,Paracetamol,BATCH8434,2026-02-28,99,2
1033,137,Ibuprofen,BATCH9011,2026-03-13,85,10
1034,184,Amlodipine,BATCH9995,2026-06-15,655,6
1035,142,Amoxicillin,BATCH6664,2026-10-20,646,4
1036,113,Amlodipine,BATCH2503,2026-06-27,345,9
1037,34,ORS,BATCH9177,2026-06-13,201,4
1038,10,Ibuprofen,BATCH9596,2026-08-28,368,1
1039,144,Vitamin B-Complex,BATCH2372,2026-08-04,411,4
1040,63,Amlodipine,BATCH4274,2026-03-21,795,10
1041,208,Amoxicillin,BATCH1431,2026-03-09,424,5
1042,37,ORS,BATCH9643,2026-05-06,585,2
1043,107,Metformin,BATCH8192,2026-02-25,125,6
1044,139,Amoxicillin,BATCH3853,2026-02-13,789,3
1045,45,Cough Syrup,BATCH5660,2026-06-29,327,2
1046,138,Cough Syrup,BATCH7816,2026-03-09,39,3
1047,213,Ibuprofen,BATCH1527,2026-03-21,504,4
1048,128,Metformin,BATCH4825,2026-03-27,652,10
1049,128,Ibuprofen,BATCH5547,2026-09-28,773,9
1050,5,Metformin,BATCH8325,2026-06-07,256,7
1051,36,ORS,BATCH2781,2026-08-04,384,10
1052,2,Ibuprofen,BATCH4917,2026-08-08,303,5
1053,155,ORS,BATCH6076,2026-06-01,76,1
1054,117,Amlodipine,BATCH8531,2026-06-06,149,3
1055,181,Azithromycin,BATCH9277,2026-06-23,330,10
1056,166,Paracetamol,BATCH2463,2026-07-09,307,6
1057,157,Vitamin B-Complex,BATCH6309,2026-03-26,167,10
1058,60,Insulin,BATCH1740,2026-03-18,569,10
1059,61,Azithromycin,BATCH1239,2026-04-11,577,3
1060,126,Metformin,BATCH5169,2026-08-11,450,1
1061,102,Amoxicillin,BATCH1464,2026-03-28,171,7
1062,100,Paracetamol,BATCH3984,2026-08-19,83,6
1063,23,Ibuprofen,BATCH2833,2026-10-08,450,9
1064,148,Insulin,BATCH6649,2026-08-13,304,4
1065,147,ORS,BATCH5754,2026-06-30,238,5
1066,16,Azithromycin,BATCH3910,2026-07-07,259,1
1067,163,Cough Syrup,BATCH5278,2026-09-08,391,9
1068,48,Insulin,BATCH4412,2026-04-07,642,3
1069,75,ORS,BATCH7973,2026-10-28,522,4
1070,106,ORS,BATCH6971,2026-04-27,742,3
1071,25,Vitamin B-Complex,BATCH4192,2026-03-24,271,4
1072,47,Azithromycin,BATCH1138,2026-06-24,219,6
1073,92,Amlodipine,BATCH9087,2026-02-20,599,3
1074,164,ORS,BATCH7780,2026-10-29,104,3
1075,20,Vitamin B-Complex,BATCH5032,2026-03-05,202,2
1076,4,Insulin,BATCH9321,2026-02-12,84,3
1077,173,Paracetamol,BATCH4878,2026-10-23,561,7
1078,88,Paracetamol,BATCH2329,2026-10-15,204,8
1079,217,ORS,BATCH4365,2026-04-04,154,4
1080,197,Vitamin B-Complex,BATCH6947,2026-05-21,131,4
1081,113,Amlodipine,BATCH8552,2026-09-25,396,3
1082,182,Cough Syrup,BATCH8160,2026-10-07,17,9
1083,84,Metformin,BATCH1293,2026-05-12,546,1
1084,178,Vitamin B-Complex,BATCH3462,2026-09-30,367,2
1085,205,Metformin,BATCH6836,2026-10-21,622,5
1086,81,Amlodipine,BATCH3034,2026-07-01,567,3
1087,104,Amoxicillin,BATCH7730,2026-06-15,284,5
1088,95,Paracetamol,BATCH8508,2026-05-09,531,3
1089,173,Vitamin B-Complex,BATCH6060,2026-08-26,207,9
1090,182,Amlodipine,BATCH1256,2026-06-15,234,6
1091,2,Paracetamol,BATCH6703,2026-06-28,565,6
1092,211,Amlodipine,BATCH8177,2026-04-03,232,7
1093,21,Metformin,BATCH1882,2026-09-17,629,7
1094,120,Amlodipine,BATCH9125,2026-08-31,93,7
1095,123,Cough Syrup,BATCH5106,2026-07-31,765,5
1096,196,Azithromycin,BATCH5678,2026-05-11,793,4
1097,144,Ibuprofen,BATCH3158,2026-06-08,794,8
1098,187,Cough Syrup,BATCH6345,2026-04-16,91,5
1099,63,Azithromycin,BATCH4891,2026-07-10,623,2
1100,62,Paracetamol,BATCH1069,2026-05-03,496,5
1101,219,Metformin,BATCH1615,2026-05-30,409,9
1102,68,ORS,BATCH6114,2026-05-28,119,1
1103,193,Cough Syrup,BATCH5226,2026-04-21,706,7
1104,153,Insulin,BATCH9225,2026-03-21,229,9
1105,177,Metformin,BATCH9248,2026-03-28,226,10
1106,138,Amlodipine,BATCH8784,2026-02-01,153,7
1107,211,Cough Syrup,BATCH4485,2026-09-17,722,8
1108,179,Cough Syrup,BATCH6418,2026-10-18,494,4
1109,100,Metformin,BATCH2421,2026-10-23,73,9
1110,128,Ibuprofen,BATCH1411,2026-06-28,308,3
1111,210,Amoxicillin,BATCH2461,2026-06-15,723,2
1112,4,Vitamin B-Complex,BATCH7772,2026-08-28,723,5
1113,176,ORS,BATCH1294,2026-03-26,445,7
1114,141,Insulin,BATCH3499,2026-10-24,673,10
1115,98,Azithromycin,BATCH8928,2026-06-20,344,10
1116,159,Cough Syrup,BATCH3911,2026-07-30,797,4
1117,13,Insulin,BATCH6059,2026-03-31,756,9
1118,15,Paracetamol,BATCH1058,2026-04-05,415,6
1119,34,Azithromycin,BATCH6626,2026-03-09,584,4
1120,181,Vitamin B-Complex,BATCH8631,2026-05-18,286,8
1121,121,Insulin,BATCH6023,2026-03-10,272,3
1122,185,Azithromycin,BATCH9212,2026-03-13,612,3
1123,196,Cough Syrup,BATCH1868,2026-04-08,309,9
1124,109,Amoxicillin,BATCH8826,2026-03-04,328,6
1125,129,Paracetamol,BATCH9865,2026-06-17,622,3
1126,21,Amoxicillin,BATCH3640,2026-02-05,142,3
1127,183,Insulin,BATCH5927,2026-09-24,764,10
1128,207,Metformin,BATCH3038,2026-10-20,685,7
1129,74,Insulin,BATCH1292,2026-04-12,566,9
1130,86,Amoxicillin,BATCH2551,2026-04-24,323,2
1131,112,Amlodipine,BATCH5466,2026-04-23,139,8
1132,94,Amoxicillin,BATCH6588,2026-09-08,378,5
1133,201,Azithromycin,BATCH3987,2026-03-16,480,9
1134,126,ORS,BATCH6857,2026-06-21,210,1
1135,209,Insulin,BATCH7874,2026-03-18,455,2
1136,87,Insulin,BATCH9070,2026-06-04,309,7
1137,90,Insulin,BATCH5325,2026-07-03,486,7
1138,106,Metformin,BATCH2709,2026-08-27,53,2
1139,191,Amlodipine,BATCH6638,2026-07-16,259,8
1140,153,Metformin,BATCH5944,2026-08-28,465,2
1141,5,Ibuprofen,BATCH9307,2026-05-05,402,2
1142,27,Vitamin B-Complex,BATCH1559,2026-03-28,147,4
1143,207,Metformin,BATCH3342,2026-10-05,525,8
1144,67,Paracetamol,BATCH9622,2026-09-25,698,8
1145,43,Paracetamol,BATCH3542,2026-08-03,676,7
1146,150,Azithromycin,BATCH3980,2026-05-12,737,2
1147,53,ORS,BATCH6906,2026-08-01,648,4
1148,93,Cough Syrup,BATCH8322,2026-03-09,321,3
1149,59,Azithromycin,BATCH9795,2026-10-05,213,1
1150,56,ORS,BATCH6892,2026-09-25,628,6
1151,212,Paracetamol,BATCH7504,2026-07-14,26,4
1152,100,Metformin,BATCH7105,2026-04-25,558,5
1153,132,Paracetamol,BATCH5087,2026-07-12,653,9
1154,69,Paracetamol,BATCH8073,2026-03-22,27,1
1155,22,Cough Syrup,BATCH1890,2026-07-27,61,6
1156,20,Azithromycin,BATCH7940,2026-02-09,212,3
1157,144,Insulin,BATCH7288,2026-08-12,677,5
1158,154,ORS,BATCH1113,2026-09-14,424,10
1159,49,Insulin,BATCH8878,2026-07-06,551,2
1160,93,Azithromycin,BATCH8971,2026-09-01,493,7
1161,179,Amlodipine,BATCH8072,2026-04-05,556,5
1162,115,Paracetamol,BATCH3913,2026-08-02,110,10
1163,97,Amlodipine,BATCH4398,2026-08-05,787,3
1164,99,Paracetamol,BATCH7069,2026-05-10,483,8
1165,40,Azithromycin,BATCH5968,2026-09-02,222,8
1166,157,ORS,BATCH7120,2026-07-11,262,10
1167,113,Cough Syrup,BATCH8822,2026-05-24,204,9
1168,111,Metformin,BATCH2775,2026-09-27,199,8
1169,167,Ibuprofen,BATCH7815,2026-02-20,106,10
1170,85,Vitamin B-Complex,BATCH7906,2026-07-20,516,4
1171,78,Amoxicillin,BATCH4326,2026-03-04,162,7
1172,212,ORS,BATCH2773,2026-10-23,442,8
1173,31,Metformin,BATCH2947,2026-07-04,738,5
1174,160,Amlodipine,BATCH6284,2026-10-17,369,1
1175,46,Amlodipine,BATCH4521,2026-07-17,457,9
1176,89,Paracetamol,BATCH3271,2026-07-17,655,8
1177,116,Cough Syrup,BATCH7187,2026-08-24,116,2
1178,187,Vitamin B-Complex,BATCH9832,2026-02-15,304,7
1179,67,Amoxicillin,BATCH8236,2026-05-04,217,3
1180,74,Azithromycin,BATCH1270,2026-09-02,166,1
1181,22,Paracetamol,BATCH4733,2026-02-19,372,3
1182,192,Vitamin B-Complex,BATCH4023,2026-10-20,442,6
1183,37,Amoxicillin,BATCH3964,2026-09-01,434,3
1184,150,Cough Syrup,BATCH8152,2026-06-10,564,2
1185,10,Ibuprofen,BATCH9941,2026-02-26,273,4
1186,70,Amoxicillin,BATCH3838,2026-08-23,119,9
1187,64,Cough Syrup,BATCH6885,2026-06-16,244,9
1188,90,Amlodipine,BATCH6803,2026-10-22,353,1
1189,13,Amoxicillin,BATCH8973,2026-08-24,428,6
1190,148,Amoxicillin,BATCH3251,2026-06-27,199,6
1191,190,Cough Syrup,BATCH4558,2026-07-29,358,4
1192,19,Cough Syrup,BATCH1851,2026-09-26,356,2
1193,54,Insulin,BATCH7308,2026-09-03,180,4
1194,118,Paracetamol,BATCH3152,2026-07-07,396,4
1195,130,Amoxicillin,BATCH3371,2026-05-29,115,4
1196,86,Cough Syrup,BATCH5681,2026-08-24,394,8
1197,191,Vitamin B-Complex,BATCH7298,2026-09-01,408,5
1198,181,Paracetamol,BATCH4898,2026-04-04,647,4
1199,100,Cough Syrup,BATCH2796,2026-03-08,72,2
1200,136,Insulin,BATCH3204,2026-03-03,417,2
